Character;speech
witch;lost, dear, u, help, find, way, back, doris, crockford, mr, potter, ca, believe, meeting, last
all;ahhhhhhh, yay
madam hooch;good, afternoon, class, good, afternoon, amanda, good, afternoon, welcome, first, flying, lesson, well, waiting, everyone, step, left, side, broomstick, hurry, stick, right, hand, broom, say, feeling, hold, broom, want, mount, grip, tight, wan, na, sliding, end, blow, whistle, want, kick, ground, hard, keep, broom, steady, hover, moment, lean, forward, slightly, touch, back, whistle, three, two, longbottom, longbottom, back, instant, everyone, way, oh, dear, broken, wrist, poor, boy, everyone, keep, foot, firmly, ground, take, mr, longbottom, hospital, wing, understand, single, broom, air, one, riding, find, hogwarts, say, quidditch, want, nice, clean, game, gryffindor, win
dobby;ho, ho, ho, harry, potter, honor, dobby, sir, dobby, house, elf, oh, oh, sir, dobby, understands, dobby, tell, difficult, sir, dobby, wonder, begin, sit, oh, oh, ho, oh, ho, ho, oh, ho, ho, offend, dobby, dobby, heard, greatness, sir, never, asked, sit, wizard, like, equal, awful, thing, say, bad, dobby, bad, dobby, baaad, dobby, bad, dobby, bad, dobby, dobby, punish, sir, dobby, almost, spoke, ill, family, sir, wizard, family, dobby, serf, sir, dobby, bound, serve, one, family, forever, ever, knew, dobby, ooh, dobby, dobby, protect, harry, warn, harry, potter, must, back, hogwarts, school, witchcraft, wizardry, year, plot, plot, make, terrible, thing, happen, ooo, er, ca, say, argh, make, talk, errr, bad, dobby, let, friend, even, write, harry, potter, harry, potter, must, angry, dobby, dobby, hoped, harry, potter, thought, friend, forgotten, harry, potter, might, want, back, school, sir, ahh, ooh, harry, potter, must, say, going, back, school, dobby, must, sir, harry, potter, good, hello, harry, potter, listened, dobby, harry, potter, gone, back, home, missed, train, indeed, sir, least, would, away, harry, potter, must, home, dobby, thought, bludger, would, enough, make, harry, potter, dobby, feel, aggrieved, sir, dobby, iron, hand, dobby, used, death, threat, sir, dobby, five, time, day, home, kill, sir, never, kill, dobby, remembers, harry, potter, triumphed, treated, like, vermin, sir, course, dobby, still, treated, like, vermin, sir, mark, enslavement, dobby, freed, master, present, clothes, listen, listen, terrible, thing, happen, hogwarts, harry, potter, must, stay, history, repeat, oahh, said, bad, dobby, bad, dobby, say, sir, dobby, want, harry, potter, safe, master, given, dobby, sock, master, presented, dobby, clothes, dobby, free, shall, harm, harry, potter, harry, potter, freed, dobby, dobby, ever, repay, anything, sir
goblin;doe, harry, potter, key, well
photographer;make, way, please, let, madam, thank, excuse, little, girl, daily, prophet, harry, potter, excuse, madam
oliver;quidditch, easy, enough, understand, time, seven, player, chaser, beater, keeper, seeker, three, kind, ball, one, called, quaffle, chaser, handle, quaffle, try, put, one, three, hoop, keeper, defends, hoop, far, better, take, careful, comin, back, eh, bad, potter, make, fair, beater, bludger, nasty, little, bugger, seeker, ball, want, worry, golden, snitch, ah, like, wait, wicked, fast, damn, near, impossible, catch, team, seeker, catch, game, catch, potter, win, right, felt, way, first, game, er, really, remember, took, bludger, head, minute, woke, hospital, week, later
oliver;scared, harry
someone;snake
aunt petunia;pupkins, mason, arrive, lounge, waiting, welcome, graciously, home, oh
voice;blood, smell, blood, let, rip, let, kill, kill, kill, kill, time, kill, time, kill, want, blood, must, die, kill, kill, kill, time, kill
snape;seen, le, seven, muggles, idea, serious, risked, exposure, world, mention, damage, inflicted, whomping, willow, ground, since, born, silence, assure, slytherin, fate, rested, would, train, home, tonight, headmaster, boy, flouted, decree, restriction, underage, wizardry, might, headmaster, perhaps, potter, friend, wrong, place, wrong, time, however, circumstance, suspicious, one, recall, seeing, potter, dinner, miss, granger, expelliarmus, perhaps, would, prudent, first, teach, student, block, unfriendly, spell, professor, weasley, wand, cause, devastation, simplest, spell, sending, potter, hospital, wing, matchbox, might, suggest, someone, house, malfoy, perhaps, move, potter, rid, vipera, evanesca, girl, snatched, monster, lockhart, moment, last, saying, last, night, known, along, entrance, chamber, secret, foolish, silly, incantation, class, expect, many, appreciate, subtle, science, exact, art, however, select, posse, predisposition, teach, bewitch, mind, ensnare, sens, tell, bottle, fame, brew, glory, even, put, stopper, death, maybe, hogwarts, possession, ability, formidable, feel, confident, enough, pay, attention, potter, new, celebrity, tell, would, added, powdered, root, asphodel, infusion, wormwood, well, let, try, mr, potter, would, look, asked, find, bezoar, difference, monkshood, wolfsbane, pity, clearly, fame, everything, potter, silence, put, hand, silly, girl, information, potter, asphodel, wormwood, make, sleeping, potion, powerful, known, draught, living, dead, bezoar, stone, taken, stomach, goat, save, poison, monkshood, wolfsbane, plant, also, name, aconite, well, copying, gryffindors, note, five, point, taken, house, classmate, cheek, good, luck, today, potter, proven, troll, little, game, quidditch, easy, work, even, slytherin, oh, want, enemy, quirrell, perfectly, well, mean, another, chat, soon, time, decide, loyalty, lie, good, afternoon, would, three, young, gryffindors, inside, day, like, want, careful, people, think, something
fat lady;password
lee jordan;another, goal, slytherin, lead, gryffindor, harry, potter, caught, snitch, gryffindor, win, hello, welcome, hogwarts, first, quidditch, game, season, today, game, slytherin, versus, gryffindor, player, take, position, madam, hooch, step, onto, field, begin, game, bludgers, followed, golden, snitch, remember, snitch, worth, point, seeker, catch, snitch, end, game, quaffle, released, game, begin, angelina, johnson, score, point, gryffindor, slytherin, take, possession, quaffle, bletchley, pass, captain, marcus, flint, another, point, gryffindor
woman;anything, trolley, dear
girl;look, bloody, baron, oh, look, look, girl, right, hufflepuff, way
hagrid;harry, think, mess, harry, skulking, around, knockturn, alley, dodgy, place, want, one, people, think, good, looking, slug, repellent, ruining, school, cabbage, hello, hermione, right, harry, right, leave, call, specialist, equipment, nothing, wait, till, stop, afraid, okay, better, ron, trying, curse, anyway, thing, harry, wizard, like, malfoy, family, think, better, everyone, else, codswallop, boot, dirty, blood, wizard, alive, today, le, point, yet, think, spell, hermione, ca, think, hermione, think, one, minute, blimey, harry, rogue, bludger, tampered, broken, bone, left, professor, dumbledore, sir, wait, listen, professor, dumbledore, sir, harry, prepared, swear, front, ministry, magic, course, ohh, oww, right, well, wait, outside, let, ca, understand, aragog, never, killed, one, never, aragog, aragog, mad, hairy, would, talking, would, slug, repellent, mandrake, according, professor, sprout, still, bit, growing, acne, cleared, chop, stew, people, hospital, meantime, though, three, best, looking, right, hello, neville, hello, hello, nothing, expecting, doe, matter, made, pot, tea, fine, right, oh, yeah, heard, right, understand, quick, cloak, say, word, quiet, professor, dumbledore, sir, course, never, never, professor, take, take, azkaban, prison, house, ca, take, professor, dumbledore, away, take, away, wo, stand, chance, mark, word, killing, next, well, anybody, looking, stuff, would, follow, spider, yep, would, lead, right, say, someone, need, feed, fang, away, sorry, late, owl, delivered, release, paper, lost, confused, ruddy, bird, called, errol, like, say, harry, ron, hermione, course, would, still, like, say, thanks, professor, dumbledore, sir, professor, mcgonagall, sir, little, tyke, fell, asleep, flying, bristol, try, wake, sorry, dry, dursley, great, prune, mind, seen, since, baby, harry, bit, along, would, expected, particularly, middle, well, course, something, afraid, might, sat, somepoint, imagine, taste, fine, baked, word, every, day, young, man, turn, rubeus, hagrid, keeper, key, ground, hogwarts, course, hogwarts, blimey, harry, ever, wonder, mum, dad, learned, wizard, harry, wizard, thumping, good, one, wager, trained, little, well, harry, ever, make, anything, happen, anything, could, explain, angry, scared, car, crash, car, crash, killed, lily, james, potter, outrage, scandal, oh, suppose, great, muggle, like, going, stop, folk, boy, name, ever, since, born, going, finest, school, witchcraft, wizardry, world, finest, headmaster, hogwarts, ever, seen, albus, dumbledore, never, insult, albus, dumbledore, front, oh, um, appreciate, tell, anyone, hogwarts, strickly, speaking, allowed, magic, ooh, bit, behind, schedule, best, unless, rather, stay, course, essential, bit, equipment, harry, mean, penguin, crikey, love, dragon, vastly, misunderstood, beast, harry, vastly, misunderstood, thanks, tom, official, hogwarts, business, helping, young, harry, buy, school, supply, hello, professor, harry, professor, quirrell, defense, dark, art, teacher, hogwarts, well, must, going, lot, buy, harry, famous, sure, exactly, right, person, tell, harry, welcome, harry, diagon, alley, quill, ink, bit, bob, wizardry, well, money, harry, gringotts, wizard, bank, ai, safer, place, one, except, perhaps, hogwarts, goblin, harry, clever, goblin, friendly, beast, best, stay, close, harry, potter, wish, make, withdrawal, oh, wait, minute, somewhere, little, devil, oh, something, else, well, professor, dumbledore, gave, vault, think, mum, dad, leave, nothing, ya, ca, tell, harry, hogwarts, business, secret, best, mention, anyone, harry, wand, well, want, ollivanders, ai, place, better, run, along, wait, one, thing, ta, wo, long, harry, harry, happy, birthday, right, harry, seem, quiet, first, understand, harry, important, wizard, good, bad, year, ago, one, wizard, went, bad, name, v, name, v, ca, spell, right, voldemort, dark, time, harry, dark, time, voldemort, started, gather, follower, brought, dark, side, anyone, stood, ended, dead, parent, fought, nobody, lived, decided, kill, nobody, one, except, ai, ordinary, cut, forehead, harry, mark, like, touched, curse, evil, curse, well, say, died, codswallop, opinion, nope, reckon, still, tired, carry, one, thing, absolutely, certain, something, stumped, night, famous, everybody, name, boy, lived, looking, blimey, time, sorry, harry, gon, na, leave, dumbledore, wanting, well, wanting, uh, train, leaf, minute, ticket, stick, harry, important, stick, ticket, right, first, year, way, please, first, year, shy, hurry, hello, harry, right, way, boat, follow, well, done, going, harry, broomstick, look, like, gon, na, sick, nonsense, would, snape, put, curse, harry, broom, told, fluffy, well, course, name, mine, bought, irish, feller, met, pub, last, year, lent, dumbledore, guard, said, question, ask, question, top, secret, codswallop, professor, snape, hogwarts, teacher, listen, three, meddlin, thing, ought, meddled, dangerous, dog, guarding, strictly, professor, dumbledore, nicholas, flamel, said, said, said, oh, hello, sorry, wish, rude, fit, state, entertain, today, oh, snape, blimey, harry, still, snape, one, teacher, protecting, stone, steal, heard, right, bit, preoccupied, today, right, waste, bloody, time, ask, ai, one, gon, na, past, fluffy, hehe, soul, except, dumbledore, told, told, oh, ooh, ooh, ooh, ooh, um, stranger, met, pub, seemed, quite, glad, rid, matter, fact, beautiful, oh, bless, look, mummy, hehe, hallo, norbert, yeah, well, name, doe, norbert, dededede, ohh, oooh, ooh, ooh, well, trained, bit, course, oh, dear, norbert, gone, dumbledore, sent, romania, live, colony, yeah, like, romania, dragon, mean, baby, right, let, unicorn, blood, found, one, dead, week, ago, one, injured, bad, something, job, find, poor, beast, ron, hermione, harry, malfoy, fine, bloody, coward, hello, firenze, met, young, potter, right, harry, never, saw, face, kept, hood, well, wanted, sort, creature, looked, told, said, fluffy, dragon, gon, na, problem, well, course, interested, fluffy, often, across, three, headed, dog, even, trade, told, said, trick, beast, calm, take, fluffy, example, play, bit, music, fall, straight, sleep, told, going, wait, hurry, late, train, leaving, hurry, thought, leaving, without, saying, didja, oh, oh, listen, harry, dolt, cousin, dudley, give, grief, could, always, um, threaten, nice, pair, ear, tail, cousin, eh
cornish pixies;stay
student;welcome, back, sir, nicholas, good, evening, sir, nicholas, good, sir, nicholas
harry;ca, let, hedwig, allowed, use, magic, outside, school, besides, uncle, vernon, done, bored, could, let, hour, two, message, friend, one, summer, bedroom, making, noise, pretending, exist, rude, anything, great, time, house, elf, bedroom, sit, dobby, ssh, sorry, mean, offend, anything, ca, met, many, decent, wizard, stop, dobby, dobby, shh, dobby, please, stop, stop, stop, dobby, please, quiet, right, family, terrible, thing, plotting, ok, understand, say, dobby, dobby, put, lamp, give, lamp, dobby, stop, keep, quiet, sorry, sir, back, belong, belong, world, hogwarts, place, friend, well, expect, hang, friend, writing, give, dobby, back, dobby, please, ca, hogwarts, home, ron, fred, george, ahh, let, think, brilliant, hello, raid, oh, sorry, sir, harry, sir, harry, potter, oh, umm, floo, powder, diagonally, fine, thank, going, please, hagrid, lost, hang, great, definitely, need, remember, one, thank, bye, voldemort, killed, parent, nothing, murderer, let, sorry, lost, control, trolley, ca, train, leaf, exactly, missed, maybe, wait, car, ron, tell, muggles, accustomed, seeing, flying, car, let, lower, need, find, train, need, catch, train, hear, hold, trying, hand, sweaty, think, found, train, ron, mind, tree, thankful, neck, fast, hedwig, show, bedroom, ca, barrier, platform, almost, killed, tree, clearly, someone, doe, want, year, professor, dumbledore, professor, mcgonagall, doomed, hi, colin, nice, meet, stop, hold, still, malfoy, colin, way, let, take, hagrid, malfoy, called, hermione, well, exactly, mean, mudblood, horrible, really, voice, hear, spooky, hear, voice, heard, first, lockhart, office, moving, think, going, kill, strange, never, seen, spider, act, like, oh, filch, cat, norris, true, sir, swear, never, touched, norris, said, hungry, heading, back, common, room, found, norris, strange, think, told, dumbledore, others, mean, really, chamber, secret, opened, mean, maybe, ron, right, hermione, mean, look, family, whole, lot, slytherin, century, long, take, make, month, hermione, malfoy, heir, slytherin, could, attack, half, school, wood, look, thank, think, arm, broken, dobby, stopped, barrier, letting, ron, nearly, ron, expelled, bludger, made, bludger, chase, better, clear, bone, back, dobby, might, strangle, suppose, could, tell, trying, kill, wear, thing, dobby, repeat, mean, happened, stop, stop, dobby, tell, dobby, happen, dobby, tell, thank, sir, wish, rictusempra, accidentally, set, python, cousin, dudley, zoo, bet, load, people, bad, told, snake, attack, justin, heard, spoke, different, language, realize, speak, language, without, knowing, ca, back, common, room, filch, understand, professor, swear, professor, dumbledore, wondering, put, right, house, wrong, professor, bird, nothing, could, caught, fire, think, professor, sir, nothing, crabbe, goyle, ron, maybe, wingardium, leviosa, let, ron, still, sound, like, need, sound, like, crabbe, excellent, hermione, okay, think, slytherin, common, room, way, um, reading, wrong, harry, potter, must, idea, behind, stomachache, calm, hair, hermione, load, tell, hermione, okay, hospital, day, stop, coughing, fur, ball, look, like, moaning, myrtle, flooded, bathroom, would, throw, something, threw, anyway, tom, marvolo, riddle, name, harry, potter, anything, chamber, secret, tell, excuse, could, tell, going, tom, riddle, hello, hear, dumbledore, hagrid, haagriiid, wow, hagrid, hagrid, opened, chamber, secret, year, ago, monster, killed, somebody, ron, would, u, done, hagrid, found, tom, riddle, diary, gone, talk, hagrid, ron, ca, believe, set, monster, loose, last, time, inside, chamber, secret, start, think, time, dad, old, cloak, hagrid, okay, hear, hermione, look, ask, something, opened, chamber, secret, look, fang, heard, hagrid, said, follow, spider, shush, panic, friend, hagrid, aragog, trouble, school, attack, think, hagrid, think, opened, chamber, secret, like, monster, monster, kill, girl, year, ago, seen, well, thank, one, powerful, enough, let, arania, exumai, arania, exumai, mention, u, move, faster, u, air, pull, one, thing, hagrid, never, opened, chamber, secret, innocent, wish, hermione, need, ever, ron, hermione, library, day, attacked, many, fearsome, beast, roam, land, none, deadly, basilisk, capable, living, hundred, year, instant, death, awaits, meet, giant, serpent, eye, spider, flee, ron, monster, chamber, secret, basilisk, hear, speak, snake, one, look, eye, directly, least, colin, saw, camera, justin, justin, must, seen, basilisk, nearly, headless, nick, nick, full, blast, ghost, could, die, hermione, mirror, bet, using, look, around, corner, case, came, along, water, water, floor, night, saw, basilisk, reflection, spider, flee, fit, hermione, answered, remember, aragog, said, girl, year, ago, died, bathroom, never, left, lockhart, may, useless, going, try, chamber, least, tell, professor, information, going, somewhere, running, away, book, wrote, fraud, taking, credit, wizard, done, even, think, ask, died, myrtle, like, ron, think, entrance, chamber, secret, first, right, let, thanks, myrtle, remember, sign, movement, close, eye, straightaway, way, snake, skin, ron, ron, okay, wait, try, shift, rock, back, find, ginny, ginny, ginny, please, dead, wake, wake, please, wake, tom, tom, riddle, mean, wo, wake, ghost, cold, ice, ginny, please, dead, wake, help, tom, basilisk, give, wand, tom, save, could, would, want, meet, hagrid, friend, framed, bet, dumbledore, saw, right, well, finished, time, hour, mandrake, draught, ready, everyone, petrified, right, care, escaped, voldemort, time, heir, slytherin, voldemort, albus, dumbledore, greatest, sorcerer, world, never, gone, long, remain, loyal, fawkes, ginny, ginny, worry, ginny, need, follow, chamber, find, ron, brilliant, fawkes, quick, enough, course, phoenix, tear, healing, power, thanks, right, ginny, memory, sir, could, help, notice, certain, thing, certain, certain, similarity, tom, riddle, voldemort, transferred, power, sorting, hat, right, slytherin, asked, godric, gryffindor, dobby, master, family, serve, malfoys, worry, sir, wonder, could, malfoy, malfoy, something, think, sir, think, slipped, diary, ginny, weasley, cauldron, day, diagon, alley, open, promise, something, never, try, save, life, load, help, could, done, without, hogwarts, without, hagrid, aunt, petunia, uncle, vernon, asleep, sorry, doe, understand, like, lying, day, day, watching, people, press, ugly, face, hear, never, talked, snake, mean, talk, people, often, burma, nice, miss, family, well, never, knew, parent, either, mummy, dad, anytime, swear, one, minute, glass, gone, like, magic, wear, dudley, old, uniform, fit, like, bit, old, elephant, skin, hey, give, back, mine, post, sunday, letter, let, make, wish, harry, thank, excuse, sorry, learnt, made, mistake, mean, l, ca, wizard, mean, harry, harry, dear, potter, pleased, inform, accepted, hogwarts, school, witchcraft, wizardry, knew, knew, along, never, told, blown, told, parent, died, car, crash, muggle, okay, first, year, student, require, three, set, plain, work, robe, one, wand, one, pair, dragon, hide, glove, hagrid, mean, real, dragon, like, dragon, student, must, equipped, one, standard, size, pewter, cauldron, may, bring, desire, either, owl, cat, toad, find, london, oh, nice, meet, goodbye, famous, hagrid, people, back, hagrid, pay, money, hagrid, exactly, thing, hagrid, still, need, wand, hello, hello, sorry, curious, owned, wand, killed, parent, one, gave, hagrid, maybe, wrote, voldemort, voldemort, tried, kill, happened, v, platform, hagrid, must, mistake, say, platform, thing, excuse, excuse, excuse, sir, tell, might, find, platform, muggles, excuse, could, tell, harry, harry, potter, take, lot, bertie, bott, every, flavor, bean, real, frog, dumbledore, hey, gone, little, bit, yeah, hey, hagrid, think, tell, wrong, sort, thanks, nothing, nothing, fine, slytherin, slytherin, say, percy, teacher, talking, professor, quirrell, teach, think, fancy, lost, sir, sir, clearly, hermione, seems, pity, ask, seamus, trying, glass, water, borrow, thanks, hey, ron, somebody, broke, gringotts, listen, believed, work, dark, wizard, witch, unknown, gringotts, goblin, acknowledging, breach, insist, nothing, taken, vault, question, number, fact, emptied, earlier, day, odd, vault, hagrid, went, give, malfoy, give, knock, broom, century, according, mcgonagall, never, even, played, quidditch, make, fool, doe, happening, let, way, let, run, quick, let, hide, door, locked, good, reason, guarding, something, think, like, ball, whoa, think, going, need, another, feather, professor, think, heard, hermione, could, troll, hermione, doe, going, girl, bathroom, hermione, move, whooa, whoa, whoa, something, anything, hurry, think, knocked, ew, troll, bogy, good, u, trouble, like, mind, might, needed, saving, insulted, hungry, explains, blood, listen, last, night, guessing, snape, let, troll, diversion, could, try, past, headed, dog, bitten, limping, day, gringotts, hagrid, took, something, one, vault, said, hogwarts, business, secret, dog, guarding, snape, want, never, mail, broomstick, little, happened, whoa, whoa, whooa, trying, past, headed, dog, halloween, hagrid, whatever, fluffy, guarding, snape, trying, steal, exactly, nicholas, flamel, nicholas, flamel, nicholas, flamel, knight, happy, christmas, ron, wearing, present, oh, father, left, possession, died, time, returned, use, well, kind, cloak, body, gone, invisible, name, said, use, well, famous, fire, eater, century, fiend, flamel, nicholas, flamel, mum, dad, ron, really, ron, ron, ron, bed, something, look, parent, look, properly, stand, thats, dad, parent, dead, show, u, want, whatever, want, malfoy, found, knew, name, sound, familiar, read, train, day, shh, hagrid, think, snape, trying, steal, hagrid, stone, wait, minute, one, teacher, uh, hagrid, exactly, norbert, malfoy, hagrid, always, wanted, dragon, told, first, time, met, understand, hagrid, better, draco, say, scared, fang, thing, saved, would, choose, life, mean, say, thing, killed, unicorn, drinking, blood, voldemort, sorcerer, stone, weak, living, unicorn, wrong, snape, doe, want, stone, want, stone, voldemort, elixir, life, voldemort, strong, back, think, chance, might, tried, kill, tonight, scar, keep, burning, like, think, warning, mean, danger, coming, uhh, oh, course, think, bit, odd, hagrid, want, anything, dragon, stranger, show, happens, one, mean, many, people, wander, around, dragon, egg, pocket, hagrid, gave, dragon, egg, look, like, stranger, though, must, talked, seem, interested, fluffy, professor, dumbledore, immediately, gone, important, sorcerer, stone, someone, going, try, steal, stranger, hagrid, met, village, snape, mean, past, fluffy, trapdoor, tonight, trevor, neville, listen, let, sorry, snoring, snape, already, put, spell, harp, move, paw, okay, push, first, follow, give, sign, something, bad, happens, doe, seem, bit, quiet, jump, whoa, oh, ahh, hermione, yeah, yeah, fine, apparently, ron, okay, okay, lucky, hermione, pay, attention, herbology, sound, like, wing, bird, key, bet, one, fit, door, strange, one, broken, wing, simple, catch, key, graveyard, door, wait, minute, ron, going, sacrifice, ron, move, dont, forget, still, playing, checkmate, take, care, ron, owlery, send, message, dumbledore, ron, right, good, ca, snape, one, day, quidditch, match, snape, tried, kill, snape, trying, save, let, troll, shaking, hand, dumbledore, house, cup, voldemort, never, liar, ahhhhhhhhh, admirer, ron, right, hermione, happened, stone, flamel, die, wo, stone, sir, one, minute, staring, mirror, next, doe, mean, stone, gone, mean, voldemort, never, back, right, ron, right, hermione, good, job, one, minute, thanks, hagrid, hagrid, allowed, magic, away, hogwarts, going, home, really
students;whoo, yeah
colin;hi, harry, colin, creevey, gryffindor, wow, turn, around, harry
lockhart;ca, harry, potter, nice, big, smile, harry, together, rate, front, page, lady, gentleman, extraordinary, moment, young, harry, stepped, flourish, blotts, morning, purchase, autobiography, magical, incidentally, currently, celebrating, week, atop, daily, prophet, bestseller, list, idea, would, fact, leaving, entire, collected, work, free, charge, lady
madam pomfrey;malfoy, stop, making, fuss, way, brought, straight, mend, bone, heartbeat, growing, back, able, certainly, painful, rough, night, potter, regrowing, bone, nasty, business, expect, pumpkin, juice, put, happened, monster, taken, minerva
barkeeper tom;ah, hagrid, usual, presume, bless, soul, harry, potter
professor sprout;morning, everyone, good, morning, professor, sprout, welcome, greenhouse, three, second, year, today, mandrake, tell, property, mandrake, miss, granger, excellent, ten, point, gryffindor, mandrake, still, seedling, cry, wo, kill, yet, could, knock, hour, given, earmuff, auditory, protection, could, please, put, right, away, quickly, flap, tight, watch, closely, grasp, mandrake, firmly, pull, sharply, pot, dunk, pot, pour, little, sprinkling, soil, keep, warm, longbottom, neglecting, earmuff, well, leave, right, plenty, pot, around, grasp, mandrake, pull
mr. weasley;morning, weasleys, night, nine, raid, nine, well, aah, good, lord, really, well, ron, told, u, course, really, mean, wrong, indeed, boy, wrong, harry, must, muggles, tell, exactly, function, rubber, duck, dumbledore, must, harry, doe, miss, trick, man, diagonally, child, mad, let, outside, lucius, different, idea, disgrace, name, wizard, malfoy, fred, george, percy, first, dear
fred;morning, dad
george;morning, dad
ron;morning, dad
quirrell;harry, potter, ca, tell, pleased, meet, fearfully, fascinating, subject, need, eh, potter, oh, course, troll, dungeon, dungeon, thought, ought, perhaps, ought, wake, hehe, severus, thought, doe, seem, type, doe, next, would, suspect, professor, quirrell, dear, boy, tried, kill, trust, snape, cloak, caught, fire, broken, eye, contact, would, succeeded, even, snape, muttering, little, knew, danger, right, especially, halloween, good, potter, snape, unfortunately, fooled, everyone, else, running, dungeon, went, floor, head, course, never, trusted, rarely, left, alone, doe, understand, never, alone, never, doe, mirror, desire, holding, stone, potter, tell, tell, truth, master, strong, enough, ahh, ahh, magic, ahhhhhhhhhh
aunt petunia;aaah
dudley;aaah
voldemort;use, boy, lie, let, speak, strength, enough, harry, potter, meet, become, must, survive, live, another, mere, parasite, unicorn, blood, sustain, give, body, something, something, conveniently, enough, lie, pocket, stop, fool, suffer, horrific, death, join, live, haha, bravery, parent, tell, harry, would, like, mother, father, together, bring, back, ask, something, return, harry, good, evil, power, weak, seek, together, extraordinary, thing, give, stone, kill, fool, stone, arrrhhhhhh
hermione;harry, hagrid, good, glass, oculus, reparo, okay, bye, everyone, worried, fear, name, increase, fear, thing, mandrake, mandragora, used, return, petrified, original, state, also, quite, dangerous, mandrake, cry, fatal, anyone, hears, immobulus, least, one, gryffindor, team, buy, way, pure, talent, okay, ron, say, something, called, mudblood, mean, dirty, blood, mudblood, foul, name, someone, someone, parent, someone, like, term, one, usually, hears, civilized, conversation, harry, voice, voice, harry, wait, fast, chamber, secret, opened, enemy, heir, beware, enemy, heir, beware, written, blood, ron, went, looking, professor, found, said, bit, strange, hear, voice, voice, hear, norris, turn, petrified, strange, harry, even, wizarding, world, hearing, voice, good, sign, professor, wondering, could, tell, u, chamber, secret, professor, exactly, doe, legend, tell, u, lie, within, chamber, could, tell, mcgonagall, worried, teacher, heir, slytherin, returned, hogwarts, question, talking, malfoy, heard, malfoy, heir, slytherin, even, thick, might, another, way, mind, would, difficult, mention, breaking, school, rule, dangerous, dangerous, polyjuice, potion, properly, brewed, polyjuice, potion, allows, drinker, transform, temporarily, physical, form, another, exactly, tricky, never, seen, complicated, potion, month, plan, even, proper, wand, risky, could, hit, harry, let, finite, incantatem, okay, able, wo, mean, chamber, secret, opened, maybe, wait, polyjuice, potion, sure, one, ever, moaning, myrtle, moaning, myrtle, little, sensitive, think, right, talk, snake, ca, common, gift, harry, bad, sounded, like, egging, snake, something, harry, listen, reason, symbol, slytherin, house, serpent, salazar, slytherin, parselmouth, could, talk, snake, lived, thousand, year, ago, could, everything, set, need, bit, changing, also, need, make, sure, real, crabbe, goyle, ca, burst, u, interrogating, malfoy, worked, filled, simple, sleeping, draught, simple, powerful, asleep, hide, broomstick, cupboard, pull, hair, put, uniform, already, mine, millicent, bulstrode, slytherin, robe, going, check, polyjuice, potion, make, sure, crabbe, goyle, find, exactly, one, hour, change, back, add, hair, cheer, think, going, without, wasting, time, away, remember, telling, polyjuice, potion, human, transformation, cat, hair, plucked, millicent, bulstrode, robe, look, face, ca, hagrid, ca, look, hagrid, friend, ask, gryffindor, nobody, else, password, unless, student, thanks, sir, nicholas, good, back, congratulation, ca, believe, solved, thanks, oh, anyone, seen, toad, boy, named, neville, lost, one, oh, magic, let, sure, real, spell, well, good, course, tried, simple, one, worked, example, oculus, reparo, better, holy, cricket, harry, potter, hermione, granger, pleasure, two, better, change, robe, expect, arriving, soon, dirt, nose, way, real, ceiling, bewitched, look, like, night, sky, read, hogwarts, history, oh, okay, relax, nearly, headless, nearly, headless, read, smoke, turn, red, mean, forgotten, something, harry, way, heard, madam, hooch, said, besides, even, fly, idiot, wo, make, fool, blood, staircase, change, remember, supposed, floor, forbidden, oh, move, alohomora, standard, book, spell, chapter, filch, gone, locked, use, eye, standing, standing, trap, door, mean, accident, guarding, something, right, two, mind, going, bed, either, another, clever, idea, u, killed, worse, expelled, stop, stop, stop, going, take, someone, eye, besides, youre, saying, wrong, leviosa, leviosar, wingardium, leviosa, help, help, ahhh, help, swish, flick, dead, fault, professor, mcgonagall, went, looking, troll, read, thought, could, handle, wrong, harry, ron, found, probably, dead, ron, right, harry, gon, na, need, strength, today, blood, would, anyone, near, dog, saying, bit, early, mail, snape, jinxing, broom, leave, lacarnum, inflamarae, thing, name, hogwarts, teacher, curse, one, read, keep, eye, contact, snape, blinking, totally, barbaric, good, help, harry, going, library, information, nicholas, flamel, restricted, section, happy, christmas, look, playing, card, pathetic, final, exam, coming, soon, alright, crucial, ingredient, forgetfulness, potion, follow, looking, wrong, section, could, stupid, checked, week, ago, bit, light, reading, course, nicholas, flamel, known, maker, philosopher, stone, honestly, two, read, philosopher, stone, legendary, substance, astonishing, power, turn, metal, pure, gold, produce, elixir, life, make, drinker, immortal, mean, never, die, stone, currently, existence, belongs, nicholas, flamel, noted, alchemist, last, year, celebrated, birthday, fluffy, guarding, floor, trapdoor, philosopher, stone, course, thing, defending, stone, spell, enchantment, dragon, bad, well, good, kind, harry, mean, right, forest, hang, minute, forgetting, one, thing, one, wizard, voldemort, always, feared, dumbledore, long, dumbledore, around, safe, long, dumbledore, around, ca, touched, always, heard, hogwarts, end, year, exam, frightful, found, rather, enjoyable, happened, dumbledore, gone, uh, neville, really, really, sorry, petrificus, totalus, sorry, ow, stood, foot, alohomora, harp, stopped, playing, stop, moving, devil, snare, relax, kill, faster, relax, say, trust, okay, relaxing, something, uh, remember, reading, something, herbology, um, devil, snare, devil, scare, deadly, fun, sulk, sun, devil, snare, hate, sunlight, lumus, solem, curious, never, seen, bird, like, ugh, going, must, key, wrong, harry, like, like, happens, ron, suppose, going, like, real, wizard, chess, ron, ca, must, another, way, okay, harry, great, wizard, really, book, cleverness, important, thing, friendship, bravery, harry, careful, never, better, tied, slytherin, harry, feel, strange, going, home, doe
malfoy;true, saying, train, harry, potter, hogwarts, crabbe, goyle, malfoy, draco, malfoy, think, name, funny, need, ask, red, hair, robe, must, weasley, soon, find, wizarding, family, better, others, potter, want, making, friend, wrong, sort, help, face, maybe, fat, lump, given, squeeze, remembered, fall, fat, arse, think, leave, somewhere, longbottom, find, roof, matter, potter, bit, beyond, reach, way, excuse, professor, perhaps, heard, wrong, thought, said, four, u, forest, thought, joke, ca, student, allowed, werewolf, okay, fang, wait, till, father, hears, servant, stuff, scared, potter, hear, fang, scared, ahhhhhhhhh, ahhh, help, nice, one, mate
ron;hi, harry, rescuing, course, trunk, better, stand, back, let, harry, hurry, harry, drive, way, harry, happy, birthday, think, right, much, home, starving, mum, bar, window, ginny, talking, summer, bit, annoying, really, dad, work, ministry, magic, misuse, muggle, artifact, office, dad, love, muggles, think, fascinating, always, harry, never, traveled, floo, powder, mum, diagon, alley, mum, fancy, gateway, sealed, reason, harry, ca, maybe, mum, dad, ca, back, car, aaa, right, oh, invisibility, booster, must, faulty, okay, ca, far, behind, must, getting, close, haaaarryyy, hold, oonnn, take, hand, hold, yeah, welcome, home, working, stop, stop, stop, wand, look, wand, happening, scabbers, okay, caaaar, dad, gon, na, kill, honestly, professor, snape, think, damage, u, stuff, going, expel, u, say, doomed, bloody, bird, menace, smell, trouble, nimbus, pay, one, malfoy, eat, slug, disgusting, hear, kill, like, spider, mad, vera, verto, three, guess, think, true, think, really, chamber, secret, let, think, think, scum, course, heard, next, mudbloods, crabbe, goyle, must, maybe, could, trick, telling, mean, harry, drink, stuff, turn, crabbe, goyle, wicked, malfoy, tell, u, anything, stop, course, lucius, malfoy, must, opened, school, taught, draco, enlighten, brewing, potion, broad, daylight, middle, girl, lavatory, think, caught, moaning, myrtle, care, parselmouth, tell, u, said, heard, speaking, parseltongue, snake, language, exactly, whole, school, gon, na, think, grandson, whose, hair, ripping, yeah, right, thick, could, essence, crabbe, think, gon, na, sick, harry, bloody, hell, bloody, hell, hermione, mean, stomachache, scar, close, look, tail, spoken, hermione, yuck, ca, hurt, someone, throw, something, mean, right, even, tom, riddle, sound, like, dirty, rotten, snitch, would, cheerful, visit, hello, hagrid, tell, u, setting, anything, mad, hairy, loose, castle, lately, whoever, must, looking, something, hermione, heard, mcgonagall, allowed, leave, tower, except, class, dad, bos, cornelius, fudge, minister, magic, hagrid, right, dumbledore, gone, attack, day, heading, dark, forest, spider, could, follow, butterfly, harry, like, harry, like, back, harry, harry, panic, spell, hermione, need, glad, thanks, flying, gear, jammed, trying, follow, spider, follow, spider, hagrid, ever, azkaban, kill, mean, point, sending, u, found, kill, looking, people, eye, one, dead, norris, pretty, sure, havea, camera, mirror, harry, basilisk, getting, around, dirty, great, snake, someone, would, seen, pipe, using, plumbing, moaning, myrtle, skeleton, lie, chamber, forever, ginny, sister, defense, dark, art, teacher, ca, anything, say, something, harry, say, something, parseltongue, better, u, bloody, hell, whatever, shed, must, foot, long, heart, lion, one, harry, harry, fine, ron, weasley, lockhart, memory, charm, backfired, clue, okay, thanks, sir, welcome, back, hermione, excuse, mind, everywhere, else, full, ron, way, ron, weasley, true, mean, really, scar, wicked, thanks, set, mean, every, flavor, chocolate, peppermint, also, spinach, liver, tripe, george, sweared, one, spell, besides, card, want, pack, famous, witch, wizard, watch, oh, rotten, luck, one, good, jump, begin, six, well, ca, expect, hang, around, day, scabbers, way, pathetic, fred, gave, spell, turn, yellow, want, sunshine, daisy, butter, mellow, turn, stupid, fat, rat, yellow, ron, weasley, wicked, mental, one, telling, witch, wizard, went, bad, slytherin, harry, nearly, headless, nick, look, one, made, imagine, look, old, mcgonagall, face, late, bloody, brilliant, turn, rum, actually, managed, weak, tea, yesterday, mail, shut, harry, seeker, first, year, never, make, house, team, must, youngest, quidditch, player, fred, george, team, beater, oh, harry, quidditch, great, best, game, great, whoa, harry, never, told, father, seeker, telling, spooky, ahh, staircase, move, doe, anybody, feel, like, filch, cat, done, alohomora, probably, think, door, locked, think, keeping, thing, like, locked, school, looking, foot, bit, preoccupied, head, maybe, notice, three, need, sort, priority, wingardrium, leviosar, clever, leviosa, leviosar, honestly, nightmare, wonder, friend, troll, really, stupid, probably, people, playing, joke, think, troll, left, dungeon, hey, pea, brain, wingardium, leviosa, cool, mind, save, life, friend, take, bit, toast, mate, let, open, thats, broomstick, harry, nimbus, jinxing, broom, hermione, fluffy, queen, wizard, chess, packed, change, plan, parent, decided, romania, visit, brother, charlie, studying, dragon, looked, hundred, time, think, bad, influence, harry, wake, harry, wake, happy, christmas, harry, oh, mum, made, look, like, one, yeah, well, let, put, whoa, invisibility, cloak, really, rare, wonder, gave, u, head, boy, holding, quidditch, cup, bloody, hell, quidditch, captain, look, good, harry, think, mirror, show, future, right, back, wan, na, play, chess, wan, na, visit, hagrid, harry, thinking, something, right, mirror, ready, ask, question, forgot, copy, insulting, trust, u, dumbledore, curse, start, standing, people, neville, dumbledore, particularly, famous, defeat, dark, wizard, grindelwald, discovery, twelve, us, dragon, blood, work, alchemy, partner, nicholas, flamel, light, immortal, mean, hagrid, one, dragon, norwegian, ridgeback, brother, charlie, work, romania, crazy, worse, malfoy, bad, okay, back, think, try, kill, think, worrying, potion, final, speak, right, harry, perhaps, nurse, trevor, shh, little, scary, sometimes, brilliant, scary, good, sorry, wait, minute, uh, horrible, breath, ew, yuck, ugh, ahh, whoa, lucky, really, kill, u, faster, oh, relax, gon, na, ahh, harry, harry, help, help, help, help, ahhh, yeah, whew, lucky, panic, alohomora, well, worth, try, looking, big, old, fashioned, one, probably, rusty, like, handle, oh, harry, snape, catch, old, broomstick, youngest, seeker, century, complicates, thing, bit, hurry, graveyard, chessboard, obvious, play, way, across, room, right, harry, take, empty, bishop, square, hermione, queen, side, castle, knight, well, white, move, first, play, hermione, think, going, exactly, like, wizard, chess, castle, pawn, understand, right, harry, make, move, queen, take, free, check, king, want, stop, snape, getting, stone, harry, hermione, knight, check, ahhhh, right
man;lady, gentleman, gilderoy, lockhart, welcome, back, potter, welcome, back, sorry, fire, fire, ahhhhhhhhhhhhhhhh
griphook;vault, lamp, please, key, please, vault, stand, back
dumbledore;well, aware, bylaw, written, quite, however, head, gryffindor, house, professor, mcgonagall, determine, appropriate, action, argus, argus, everyone, proceed, dormitory, immediately, everyone, except, three, dead, argus, petrified, petrified, say, innocent, proven, guilty, severus, able, cure, argus, understand, madam, sprout, healthy, growth, mandrake, matured, potion, made, revive, norris, meantime, strongly, recommend, caution, another, attack, mean, student, great, danger, truth, tell, hogwarts, longer, safe, feared, minerva, chamber, secret, indeed, opened, harry, time, looking, dreadful, day, pity, burning, day, fawkes, phoenix, harry, burst, flame, time, die, reborn, ash, fascinating, creature, phoenix, carry, immensely, heavy, load, tear, healing, power, hagriiid, relax, believe, harry, attacked, anyone, harry, think, must, ask, something, wish, tell, well, riddle, wise, wandering, around, late, hour, tom, afraid, tom, true, understand, tom, afraid, headmaster, dippet, may, choice, something, wish, tell, well, good, evening, hagrid, wonder, could, want, understood, cornelius, hagrid, full, confidence, well, exactly, want, calm, hagrid, governor, desire, removal, course, step, aside, however, find, help, always, given, hogwarts, ask, realize, course, past, hour, broken, perhaps, dozen, school, rule, sufficient, evidence, expelled, therefore, fitting, receive, special, award, service, school, weasley, would, owl, deliver, release, paper, azkaban, believe, want, gamekeeper, back, harry, first, want, thank, harry, must, shown, real, loyalty, chamber, nothing, could, called, fawkes, second, sense, something, troubling, right, harry, well, speak, parseltongue, harry, lord, voldemort, speak, parseltongue, mistaken, harry, transferred, power, night, gave, scar, intentionally, true, posse, many, quality, voldemort, prize, determination, resourcefulness, may, say, certain, disregard, rule, sorting, hat, place, gryffindor, exactly, harry, exactly, make, different, voldemort, ability, show, truly, choice, want, proof, belong, gryffindor, suggest, look, closely, careful, would, take, true, gryffindor, pull, hat, governor, learned, arthur, weasley, daughter, taken, chamber, saw, fit, summon, back, curiously, lucius, several, impression, would, curse, family, agree, suspend, first, place, beg, pardon, voldemort, time, chose, act, somebody, else, mean, fortunately, young, potter, discovered, one, hope, lord, voldemort, old, find, way, innocent, hand, consequence, one, responsible, would, severe, begin, feast, let, u, round, applause, professor, sprout, madam, pomfrey, whose, mandrake, juice, successfully, administered, petrified, also, light, recent, event, school, treat, exam, canceled, known, would, professor, mcgonagall, afraid, professor, good, bad, hagrid, bringing, ah, professor, would, trust, hagrid, life, problem, trust, hagrid, albus, really, think, safe, leaving, people, family, exactly, far, better, growing, away, ready, hagrid, really, goodbye, good, luck, harry, potter, notice, wish, announce, first, year, please, note, dark, forest, strictly, forbidden, student, also, caretaker, filch, asked, remind, corridor, right, hand, side, bound, everyone, doe, wish, die, painful, death, thank, let, feast, begin, sillllleeennnnceeeee, everyone, please, panic, prefect, lead, house, back, dormitory, teacher, follow, dungeon, back, harry, like, many, discovered, delight, mirror, erised, trust, realize, doe, let, give, clue, happiest, man, earth, would, look, mirror, exactly, show, u, nothing, le, deepest, desperate, desire, heart, never, known, family, standing, beside, remember, harry, mirror, give, u, neither, knowledge, truth, men, wasted, away, front, even, gone, mad, tomorrow, moved, new, home, must, ask, looking, doe, dwell, dream, harry, forget, live, good, afternoon, harry, ah, token, admirer, happened, dungeon, professor, quirrell, complete, secret, naturally, whole, school, ah, friend, ronald, saved, trouble, opening, chocolate, frog, fine, fine, relax, dear, boy, stone, destroyed, friend, nicholas, little, chat, agreed, best, around, enough, elixir, set, affair, order, die, ah, person, wanted, find, stone, find, use, would, able, one, brilliant, idea, thats, saying, something, ah, afraid, way, return, harry, professor, quirrell, could, bear, touch, mother, sacrificed, kind, act, leaf, mark, kind, mark, seen, life, skin, love, harry, love, ah, bertie, bott, every, flavour, bean, unfortunate, youth, across, vomit, flavoured, one, since, lost, liking, think, could, safe, nice, toffee, mm, ala, earwax, another, year, gone, understand, house, cup, need, awarding, point, stand, thus, fourth, place, gryffindor, point, third, place, hufflepuff, point, second, place, ravenclaw, point, first, place, point, slytherin, house, well, done, slytherin, well, done, slytherin, however, recent, event, must, taken, account, last, minute, point, award, miss, hermione, granger, use, cool, intellect, others, great, peril, point, second, ronald, weasley, best, played, game, chess, hogwarts, seen, many, year, point, third, harry, potter, pure, nerve, outstanding, courage, award, gryffindor, house, point, finally, take, great, deal, bravery, stand, enemy, great, deal, stand, friend, award, point, neville, longbottom, assuming, calculation, correct, believe, change, direction, order, gryffindor, win, house, cup
sir nicholas;hello, percy, miss, clearwater, thank, good, evening, thank, hello, hermione, welcome, back, hello, welcome, gryffindor, dismal, request, join, headless, hunt, denied, prefer, sir, nicholas, mind, like, heard, harry, potter, new, gryffindor, seeker, always, knew, hed, well
fudge;bad, business, hagrid, bad, business, three, attack, thing, gone, far, enough, ministry, act, albus, look, hagrid, record, take, afraid, choice, hagrid, hagrid, good, boy
penelope clearwater;nearly, headless, nick
harry;sorcerer, stone
hermione;sorcerer, stone
ron;sorcerer, stone
draco;fault, teacher, favorite, hermione, granger, bet, loved, potter, famous, harry, potter, ca, bookshop, without, making, front, page, look, potter, girlfriend, school, right, new, year, weasley, unlike, father, afford, best, one, asked, opinion, filthy, little, mudblood, enemy, heir, beware, next, mudbloods, right, scarhead, training, ballet, potter, never, catch, potter, scared, potter, everte, statum, serpensortia, crabbe, goyle, pigging, great, hall, time, wearing, glass, reading, could, read, weasley, well, sit, never, weasleys, way, behave, embarrassment, wizarding, world, wrong, crabbe, surprised, daily, prophet, done, report, attack, suppose, dumbledore, trying, hush, father, always, said, dumbledore, worst, thing, ever, happened, place, think, someone, worse, dumbledore, well, good, one, goyle, absolutely, right, saint, potter, people, actually, think, heir, slytherin, goyle, told, yesterday, many, time, tell, father, say, year, since, chamber, opened, would, tell, opened, expelled, last, time, chamber, secret, opened, mudblood, died, matter, time, one, killed, time, hope, granger, matter, two, acting, odd, hey, going, wingardium
george;right, yeah, mum, would, never, fred, job, make, sure, bloodied, bad, ca, make, promise, course, rough, game, quidditch, turn, month, two, like, ron, ron
ron;well, hermione
harry;well, hermione
diary;hello, harry, potter, name, tom, riddle, show, let, take, back, fifty, year, ago, june
gryffindors;yay
slytherins;yeah, yeah
firenze;harry, potter, must, leave, known, many, creature, forest, safe, time, especially, monstrous, creature, terrible, crime, slay, unicorn, drinking, blood, unicorn, keep, alive, even, inch, death, terrible, price, slain, something, pure, moment, blood, touch, lip, cursed, life, think, one, hidden, school, moment, harry, potter, leave, safe, good, luck
harry;aaaaaaahhhh, aaahhh, aaah, sir, sir
ron;aaaaaaahhhh, aaahhh, aaah, sir, sir
ollivander;wondered, seeing, potter, seems, yesterday, mother, father, buying, first, wand, give, wave, apparently, definitely, matter, wonder, curious, curious, remember, every, wand, ever, sold, potter, happens, phoenix, whose, tail, feather, resides, wand, gave, another, feather, one, curious, destined, wand, brother, gave, scar, speak, name, wand, chooses, wizard, potter, always, clear, think, clear, expect, great, thing, great, thing, terrible, great
picture;right
justin finch-fletchley;playing
filch;well, take, good, look, lad, night, might, well, last, spend, castle, oh, dear, trouble, going, make, way, make, way, potter, norris, murdered, cat, kill, kill, ask, done, saw, wrote, wall, rubbish, cat, petrified, want, punishment, caught, act, time, potter, mark, word, anyone, sweet, ca, hide, show, oh, professor, found, restricted, section, still, hot, mean, student, bed, pity, let, old, punishment, die, time, detention, would, find, hanging, thumb, dungeon, god, miss, screaming, serving, detention, hagrid, tonight, little, job, inside, dark, forest, sorry, lot, hagrid, oh, good, god, man, still, bloody, dragon, oh, god, sake, pull, together, man, going, forest, wit, werewolf, tree, lad, sure
snake;thanks
lucius malfoy;buying, today, borgin, selling, heard, course, ministry, magic, conducting, raid, even, rumor, new, muggle, protection, act, ah, item, home, might, prove, embarrassing, ministry, call, certain, poison, like, hopefully, son, amount, thief, borgin, though, mark, pick, would, thought, ashamed, girl, wizarding, family, beat, every, exam, good, expect, manor, tomorrow, draco, draco, play, nicely, potter, lucius, malfoy, meet, last, forgive, scar, legend, course, wizard, gave, must, brave, mention, name, foolish, must, miss, granger, draco, told, parent, muggles, let, red, hair, vacant, expression, tatty, secondhand, book, must, weasleys, well, well, well, weasley, senior, busy, time, ministry, arthur, extra, raid, hope, paying, overtime, judging, state, say, use, disgrace, name, wizard, even, pay, well, clearly, associating, muggles, thought, family, could, sink, lower, work, already, fudge, good, believe, take, absolutely, pleasure, inside, call, house, simply, called, school, told, headmaster, governor, decided, time, step, aside, order, suspension, find, signature, afraid, feel, rather, lost, touch, well, attack, left, hogwarts, imagine, awful, loss, would, school, think, admirable, sentiment, shall, fudge, deal, later, way, potter, true, returned, ridiculous, dare, sole, concern, always, always, welfare, school, course, student, culprit, identified, presume, well, let, u, hope, potter, always, around, save, day, dumbledore, dobby, leaving, mine, talking, prove, dobby, dobby, give, lost, servant, parent, meddlesome, fool, mark, word, potter, one, day, soon, going, meet, sticky, end
sorting hat;bee, bonnet, potter, particularly, difficult, place, stand, said, last, year, would, done, well, slytherin, ah, right, hmm, right, okay, gryffindor, slytherin, let, hufflepuff, another, weasley, gryffindor, hmm, difficult, difficult, plenty, courage, bad, mind, either, talent, oh, thirst, prove, put, slytherin, eh, sure, could, great, head, slytherin, help, way, greatness, doubt, well, sure, better, gryffindor
aragog;hagrid, hagrid, never, sent, men, hollow, lie, hagrid, never, opened, chamber, secret, monster, born, castle, came, hagrid, distant, land, pocket, traveler, speak, ancient, creature, spider, fear, others, never, saw, part, castle, box, hagrid, kept, girl, discovered, bathroom, accused, hagrid, brought, think, son, daughter, harm, hagrid, command, deny, fresh, meat, wanders, willingly, midst, goodbye, friend, hagrid
dudley;want, friend, waiting, open, door, dad, going, dad, hurry, dad, wake, cousin, going, zoo, many, last, year, last, year, care, big, make, move, move, boring, wo, believe, snake, mum, mummy, help, dad, look, harry, letter, stop, mummy, happening, daddy, gone, mad, harry
petunia;vernon, birthday, boy, cook, breakfast, try, burn, anything, want, everything, perfect, dudley, special, day, wonderful, darling, oh, going, going, buy, two, new, present, pumpkin, lovely, day, zoo, really, looking, forward, darling, boy, l, snake, right, sweetheart, cold, clothes, smile, vernon, look, ca, believe, week, smeltings, smeltings, stupid, going, state, school, belong, going, wearing, finish, dyeing, fit, well, enough, post, lovely, day, office, dear, course, knew, could, perfect, sister, mother, father, proud, day, letter, witch, family, wonderful, one, freak, met, potter, knew, would, strange, abnormal, please, went, blown, landed, say, something
neville;ron, ignored, one, gran, horrible, please, always, harry, better, harry, hermione, trevor, sorry, picture, moving, problem, ca, remember, forgotten, parvati, patil, said, would, girl, bathroom, said, afternoon, cry, barely, stand, need, set, bloody, kneecups, fire, hey, wait, going, countercurse, neither, sneaking, arent, wo, let, gryffindor, trouble, fight
boy;ravenclaws, follow, racing, broom, look, new, nimbus, fastest, model, yet, ravenclaw, follow, way, nice, going, harry, wicked, harry, stay, together
man in paint;welcome, hogwarts
fred;right, okay, shh, shh, ok, shh, lot, wo, cheap, mum, spell, book, alone, expensive, mention, dead, scared, harry, petrify, fly, anywhere, near, honestly, woman, call, mother, joking, fred, hey, well, done, harry, wood, told, u, brutal, one, died, year, someone, vanish, occasionally
mrs. weasley;harry, wonderful, dear, bed, empty, note, car, gone, could, died, could, seen, course, blame, harry, dear, well, best, hope, put, bar, window, ronald, weasley, harry, time, spot, breakfast, harry, tuck, dear, cat, morning, arthur, morning, son, flew, enchanted, car, surrey, back, last, night, arthur, well, errol, post, oh, fetch, percy, please, oh, manage, one, place, going, diagon, alley, right, harry, first, dear, first, ron, harry, done, quite, easy, dear, afraid, mind, head, right, take, floo, powder, good, forget, speak, clearly, say, dear, thought, harry, thank, goodness, hoped, gone, one, grate, far, ohh, harry, give, signed, wait, outside, ron, train, leaving, moment, oh, dear, train, leaving, moment, okay, ginny, seat, hurry, ronald, weasley, dare, steal, car, absolutely, disgusted, father, facing, inquiry, work, entirely, fault, put, another, toe, line, bring, straight, home, ginny, dear, congratulation, making, gryffindor, father, proud, every, year, packed, muggles, course, platform, way, right, percy, first, fred, next, oh, sorry, george, onto, platform, worry, dear, ron, first, time, hogwarts, well, walk, straight, wall, platform, best, bit, run, nervous
wood;spent, summer, devising, whole, new, quidditch, program, gon, na, train, earlier, harder, longer, believe, think, going, flint, booked, pitch, gryffindor, today, professor, severus, snape, hereby, give, slytherin, team, permission, practice, today, owing, need, train, new, seeker, new, seeker, watch, harry, right, listen, play, game, hufflepuff, doe, stand, chance, stronger, quicker, smarter, well, professor, mcgonagall, ca, cancel, quidditch
hermione;may, ask, plan, final, exam, wo, besides, according, professor, mcgonagall, given, special, quill, bewitched, anti, cheating, spell
gilderoy lockhart;let, introduce, new, defense, dark, art, teacher, gilderoy, lockhart, order, merlin, third, class, honorary, member, dark, force, defense, league, five, time, winner, witch, weekly, award, talk, rid, bandon, banshee, smiling, warned, job, arm, foulest, creature, known, wizardkind, may, find, facing, worst, fear, room, harm, befall, whilst, must, ask, scream, might, provoke, freshly, caught, cornish, pixy, laugh, finnegan, pixy, devilishly, tricky, little, blighter, let, make, round, round, pixy, peskipiksi, pesternomi, ask, three, nip, rest, back, cage, harry, harry, harry, possibly, imagine, better, way, serve, detention, helping, answer, fan, mail, fame, fickle, friend, harry, celebrity, celebrity, doe, remember, sorry, voice, talking, harry, think, getting, bit, drowsy, great, scott, wonder, look, time, nearly, four, hour, spooky, time, fly, one, fun, aghh, thought, unlucky, exactly, countercurse, could, spared, afraid, severus, harry, helping, answer, fan, mail, worry, harry, fix, arm, straight, away, boy, doe, saying, wo, hurt, bit, brackium, emendo, well, sometimes, happen, point, longer, feel, pain, clearly, bone, broken, much, flexible, though, gather, round, gather, round, everybody, hear, excellent, light, dark, event, recent, week, professor, dumbledore, granted, permission, start, dueling, club, train, case, ever, need, defend, done, countless, occasion, full, detail, published, work, let, introduce, assistant, professor, snape, sportingly, agreed, help, short, demonstration, want, youngster, worry, still, potion, master, never, fear, three, excellent, idea, show, professor, snape, mind, saying, obvious, wanted, stop, would, easy, excellent, suggestion, professor, snape, let, volunteer, pair, potter, weasley, good, luck, potter, wand, ready, count, three, cast, charm, disarm, opponent, disarm, want, accident, one, two, said, disarm, allow, professor, snape, alarte, ascendare, sorry, dozed, missed, moment, well, office, getting, getting, ready, well, urgent, call, unavoidable, well, aemm, unfortunate, one, regret, must, say, took, job, nothing, description, book, misleading, dear, boy, use, common, sense, book, would, sold, well, people, think, done, thing, mention, rather, gifted, memory, charm, otherwise, wizard, would, gone, blabbing, never, sold, another, book, fact, going, excellent, harry, good, work, well, need, stay, boy, good, obviously, sure, want, test, first, really, quite, filthy, look, like, snake, adventure, end, boy, fret, world, story, late, save, girl, two, tragically, lost, mind, sight, mangled, body, first, potter, say, goodbye, memory, obliviate, hello, really, odd, sort, place, live, really, amazing, like, magic
tom riddle;professor, dumbledore, professor, suppose, rumor, true, school, well, home, would, really, close, hogwarts, would, professor, sir, stopped, person, responsible, caught, sir, nothing, good, night, sir, evening, hagrid, going, turn, hagrid, think, meant, kill, anyone, dead, girl, parent, tomorrow, least, hogwarts, make, sure, thing, killed, daughter, slaughtered, monster, make, good, pet, hagrid, stand, aside, stand, aside, hagrid, cistem, aperio, arania, exumai, ca, let, wand, hagrid, expelled, wo, wake, still, alive, memory, preserved, diary, year, wo, called, wo, needing, afraid, ca, poor, ginny, grows, weaker, grow, stronger, harry, ginny, weasley, opened, chamber, secret, ginny, set, basilisk, mudbloods, filch, cat, ginny, wrote, threatening, message, wall, told, find, persuasive, knew, shall, say, kind, trance, still, power, diary, began, scare, tried, dispose, girl, bathroom, find, person, anxious, meet, knew, talk, meet, could, decided, show, capture, brainless, oaf, hagrid, gain, trust, word, hagrid, dumbledore, seemed, think, innocent, certainly, kept, annoyingly, close, watch, knew, would, safe, open, chamber, school, decided, leave, behind, diary, preserving, self, page, one, day, would, able, lead, another, finish, salazar, slytherin, noble, work, told, killing, mudbloods, doe, matter, anymore, many, month, new, target, baby, extraordinary, magical, talent, able, defeat, greatest, wizard, time, escape, nothing, scar, lord, voldemort, power, destroyed, voldemort, past, present, future, surely, think, going, keep, filthy, muggle, father, name, fashioned, new, name, name, knew, wizard, everywhere, would, fear, speak, became, greatest, sorcerer, world, dumbledore, driven, castle, mere, memory, dumbledore, sends, great, defender, songbird, old, hat, let, match, power, lord, voldemort, heir, salazar, slytherin, famous, harry, potter, parseltongue, wo, save, potter, obeys, bird, may, blinded, basilisk, still, hear, potter, process, nearly, complete, minute, ginny, weasley, dead, cease, memory, lord, voldemort, return, much, alive, remarkable, quickly, venom, basilisk, penetrates, body, guess, little, minute, live, dear, mudblood, mother, soon, harry, funny, damage, silly, little, book, especially, hand, silly, little, girl, stop
lee  jordan;snitch, harry, potter, receives, point, catching, snitch
class;good, morning, everyone, good, afternoon, madam, hooch, neville, swish, flick
fred;oh
george;oh
ron;oh
harry;oh
trainmaster;two, think, right, left, madam, think, funny, ya
flint;quidditch, practice, easy, wood, note, gift, draco, father, give, take, side
seamus;fainted, head, everyone, weasley, gotten, howler, cornish, pixy, half, half, dad, muggle, mum, witch, bit, nasty, shock, found, eye, rabbit, harp, string, hum, turn, water, rum, eye, rabbit, wingard, levosa, wingardly, lev, countercurse, appreciate, insinuation, longbottom, besides, anyone, cared, notice, eyebrow, completely, grown, back, yeah
percy;errol, oh, look, hogwarts, letter, sent, u, harry, well, hello, sir, nicolas, excuse, happen, school, prefect, hand, business, wandering, corridor, night, name, mind, attitude, malfoy, oh, thats, professor, snape, head, slytherin, house, potion, everyone, dark, art, fancy, quirrell, job, year, hello, sir, nicholas, nice, summer, gryffindors, follow, please, keep, thank, direct, path, dormitory, oh, keep, eye, staircase, like, change, keep, please, follow, quickly, caput, draconis, follow, everyone, keep, quickly, gather, around, welcome, gryffindor, common, room, boy, dormitory, upstairs, left, girl, right, find, belonging, already, brought, gryffindors, keep, please, stay, alert
flitwick;one, wizard, rudimentary, skill, levitation, ability, make, object, fly, uh, feather, good, uh, forget, nice, wrist, movement, practicing, hmm, swish, flick, everyone, good, enunciate, wingardium, leviosa, oh, well, done, everyone, granger, done, oh, splendid, whooaaa, ooh
crabbe;cool, umm, um
whispers;harry, potter
vernon;harry, potter, huh, huh, could, send, secret, message, freaky, little, friend, sir, happy, birthday, son, hurry, bring, coffee, boy, counted, quite, bit, bigger, last, year, warning, boy, funny, business, wo, meal, week, move, happened, thing, magic, caveat, smeltonia, proudest, moment, life, marge, ate, funny, whelk, writing, mail, letterbox, shoo, fine, day, sunday, opinion, best, day, week, dudley, right, harry, post, sunday, blasted, letter, today, sir, one, single, bloody, letter, one, sir, one, blasted, miserable, give, give, letter, going, away, far, away, ca, find, u, demand, leave, sir, breaking, entering, going, swore, took, put, stop, rubbish, going, pay, crackpot, old, fool, teach, magic, trick
crowd;boooo, gryffindor, gryffindor
mr. borgin;malfoy, pleasure, may, today, selling, hmmm, ah, hand, glory, insert, candle, give, light, holder, best, friend, thief, plunderer, son, fine, taste, sir, wizard, blood, counting, le, everywhere
ginny;mummy, seen, jumper, leave, alone, harry, swear, mean, riddle, made, harry, hurt, good, luck
mcgonagall;talking, weasley, today, weasley, must, impress, seriousness, done, writing, family, tonight, receive, detention, could, attention, please, right, today, transforming, animal, water, goblet, like, one, two, three, vera, verto, turn, would, like, first, ahh, weasley, one, two, three, vera, verto, wand, need, replacing, weasley, miss, granger, well, course, hogwarts, founded, thousand, year, ago, four, greatest, witch, wizard, age, godric, gryffindor, helga, hufflepuff, rowena, ravenclaw, salazar, slytherin, three, founder, coexisted, quite, harmoniously, one, salazar, slytherin, wished, selective, student, admitted, hogwarts, believed, magical, learning, kept, within, family, word, unable, sway, others, decided, leave, school, according, legend, slytherin, built, hidden, chamber, castle, known, chamber, secret, though, shortly, departing, sealed, time, true, heir, returned, school, heir, alone, would, able, open, chamber, unleash, horror, within, purge, school, slytherin, view, unworthy, study, magic, well, naturally, school, searched, many, time, chamber, found, chamber, said, home, something, heir, slytherin, control, said, home, monster, think, petrified, madam, pomfrey, look, perhaps, managed, take, picture, attacker, mean, albus, tell, staff, hand, potter, professor, dumbledore, waiting, sherbet, lemon, match, canceled, silence, wood, teammate, gryffindor, tower, potter, find, weasley, something, warn, could, wee, bit, shock, found, near, library, along, doe, mean, anything, either, could, attention, please, recent, event, new, rule, put, effect, immediately, student, return, house, common, room, every, evening, student, escorted, lesson, teacher, exception, tell, unless, culprit, behind, attack, caught, likely, school, closed, student, return, house, dormitory, teacher, corridor, immediately, heir, slytherin, left, another, message, worst, fear, realized, student, taken, monster, chamber, student, must, sent, home, afraid, end, hogwarts, settled, leave, deal, monster, gilderoy, skill, legend, ginny, weasley, could, attention, please, good, evening, professor, dumbledore, rumor, true, albus, boy, think, wise, trust, hagrid, something, important, watched, day, worst, sort, muggles, imaginable, really, boy, famous, wo, child, world, doe, name, welcome, hogwarts, moment, pas, door, join, classmate, take, seat, must, sorted, house, gryffindor, hufflepuff, ravenclaw, slytherin, house, like, family, triumph, earn, point, lose, point, end, year, house, point, awarded, house, cup, sorting, ceremony, begin, momentarily, ready, follow, right, wait, along, please, begin, professor, dumbledore, would, like, say, word, call, name, forth, shall, place, sorting, hat, head, sorted, house, hermione, granger, draco, malfoy, susan, bone, ronald, weasley, harry, potter, attention, please, thank, assessment, mr, weasley, perhaps, lt, useful, transfigure, potter, way, one, might, time, perhaps, map, trust, need, one, find, seat, harry, potter, follow, wait, professor, quirrell, excuse, could, borrow, wood, moment, please, potter, oliver, wood, wood, found, seeker, oh, oh, goodness, granger, may, extremely, foolish, thing, would, expected, rational, behaviour, part, disappointed, granger, point, taken, gryffindor, serious, lack, judgment, two, gentleman, hope, realize, fortunate, many, first, year, student, could, take, full, grown, mountain, troll, live, tell, tale, point, awarded, sheer, dumb, luck, good, evening, nothing, repeat, nothing, give, student, right, walk, school, night, therefore, punishment, action, point, taken, ensure, doe, happen, four, receive, detention, heard, correctly, malfoy, honorable, intention, bed, hour, join, classmate, detention, afraid, professor, dumbledore, received, urgent, owl, ministry, magic, left, immediately, london, three, found, stone, assure, perfectly, would, back, dormitory, quietly
moaning myrtle;moaning, myrtle, would, expect, would, ever, talk, ugly, miserable, moping, moaning, myrtle, aaaaaa, wait, till, awful, throw, something, else, ask, minding, business, someone, think, funny, throw, book, sure, let, throw, book, myrtle, ca, feel, ten, point, stomach, fifty, point, head, sitting, thinking, death, fell, top, head, hello, harry, want, dreadful, happened, right, cubicle, hidden, olive, hornby, teasing, glass, cry, heard, somebody, distraught, said, something, funny, kind, language, realized, boy, unlocked, door, tell, away, died, remember, seeing, pair, great, big, yellow, eye, sink, oh, harry, die, welcome, share, toilet
uncle vernon;warning, ca, control, bloody, bird, think, little, grateful, raised, since, baby, given, food, table, even, let, dudley, second, bedroom, purely, goodness, heart, minute, ahem, let, schedule, shall, petunia, mason, arrive, good, dudley, excellent, right, luck, could, well, day, make, biggest, deal, career, mess, mason, ohh, mind, cat, devil, ruined, punch, line, japanese, golfer, joke, one, sound, wish, never, born, boy, fix, door, spread, far, eye, could, floor, vast, building, deep, one, plumber, said, look, water, second, plumber, said, top, sorry, disturbed, meeting, stranger, upset, kept, upstairs, never, going, back, school, never, going, freaky, friend, never, hell, potter, petunia, escaping, oh, boy, bloody, pigeon, going, anywhere, aaaah, oh, damn
dean;ron, owl, hey, look, neville, remembrall
